Job Title,Job URL,Source
Business Intelligence Manager,https://www.afiniti.com/job/?title=2350-business-intelligence-manager&gnk=job&gni=8a78859f974d4cd801975f0463cd0e93,afiniti
Lead Software Engineer,https://www.afiniti.com/job/?title=2349-lead-software-engineer&gnk=job&gni=8a78859f974d4cd801975f0002160d8a,afiniti
Data Engineer,https://www.afiniti.com/job/?title=2327-data-engineer&gnk=job&gni=8a78859e95f8538e0196449e7e807f11,afiniti
Production Analyst,https://www.afiniti.com/job/?title=2348-production-analyst&gnk=job&gni=8a7885a896d0a15001973ab062ca7479,afiniti
Data Scientist II,https://www.afiniti.com/job/?title=2338-data-scientist-ii&gnk=job&gni=8a7887ac96d0a1800196f2bf6f963f9d,afiniti
Data Scientist II,https://www.afiniti.com/job/?title=2341-data-scientist-ii&gnk=job&gni=8a7887ac96d0a1800196f2c795164165,afiniti
Sr Data Scientist,https://www.afiniti.com/job/?title=2345-sr-data-scientist&gnk=job&gni=8a7887ac96d0a1800196f2d5b37a45cc,afiniti
Data Engineer II,https://www.afiniti.com/job/?title=2346-data-engineer-ii&gnk=job&gni=8a7885a896d0a1500196f347144c4cf5,afiniti
M365 Administrator,https://www.afiniti.com/job/?title=2337-m365-administrator&gnk=job&gni=8a7885a896d0a1500196ed7d4add6bdf,afiniti
IT Asset Management Lead,https://www.afiniti.com/job/?title=2336-it-asset-management-lead&gnk=job&gni=8a7885a896d0a1500196ed6ee1a96af7,afiniti
Marketing & Communications Director,https://www.afiniti.com/job/?title=2335-marketing-communications-director&gnk=job&gni=8a7885a896d0a1500196da22b4f91246,afiniti
"Director, Enterprise B2B Tech Sales",https://www.afiniti.com/job/?title=2334-director-enterprise-b2b-tech-sales&gnk=job&gni=8a7887a896d0a1dc0196d9e021600ff3,afiniti
"Vice President, Product Management",https://www.afiniti.com/job/?title=2333-vice-president-product-management&gnk=job&gni=8a7887a896d0a1dc0196d9daed160d88,afiniti
Lead Software Engineer,https://www.afiniti.com/job/?title=2331-lead-software-engineer&gnk=job&gni=8a78879e95f8537401964548d1644c2e,afiniti
Sr Staff Research Scientist,https://www.afiniti.com/job/?title=2329-sr-staff-research-scientist&gnk=job&gni=8a78879e95f85374019644d5e0891384,afiniti
Sr. Data Engineer,https://www.afiniti.com/job/?title=2326-sr.-data-engineer&gnk=job&gni=8a78859e95f8538e0196449787907b94,afiniti
Lead Language Technology Researcher,https://www.afiniti.com/job/?title=2325-lead-language-technology-researcher&gnk=job&gni=8a78839f95f8533f0196202835730c0e,afiniti
Lead Optimization Researcher,https://www.afiniti.com/job/?title=2323-lead-optimization-researcher&gnk=job&gni=8a78839f95f8533f01962022fc3c09b6,afiniti
Global Payroll Analyst,https://www.afiniti.com/job/?title=2324-global-payroll-analyst&gnk=job&gni=8a78839e95f852e5019620249d14035f,afiniti
Production Coordinator,https://www.afiniti.com/job/?title=2294-production-coordinator&gnk=job&gni=8a78839e9467094a0194980f39ce3d11,afiniti
Production Coordinator,https://www.afiniti.com/job/?title=2293-production-coordinator&gnk=job&gni=8a78839e9467094a0194980bc6403c84,afiniti
Sales Engineer - Bilingual English and Spanish,https://careers.i2cinc.com/en/sites/i2csitelhr/job/2172,i2c
Vice President Sales,https://careers.i2cinc.com/en/sites/i2csitelhr/job/2173,i2c
Director - Product Marketing,https://careers.i2cinc.com/en/sites/i2csitelhr/job/2177,i2c
Director Content Marketing,https://careers.i2cinc.com/en/sites/i2csitelhr/job/2178,i2c
Senior Director Digital Product Management,https://careers.i2cinc.com/en/sites/i2csitelhr/job/2180,i2c
Customer Service Representative -Omaha,https://careers.i2cinc.com/en/sites/i2csitelhr/job/2181,i2c
Director - Marketing Planning & Operations,https://careers.i2cinc.com/en/sites/i2csitelhr/job/2183,i2c
Email and Social Marketing Manager,https://careers.i2cinc.com/en/sites/i2csitelhr/job/2089,i2c
Quality Engineer,https://careers.i2cinc.com/en/sites/i2csitelhr/job/2108,i2c
CSR,https://careers.i2cinc.com/en/sites/i2csitelhr/job/1714,i2c
Associate Software Engineer,https://careers.i2cinc.com/en/sites/i2csitelhr/job/2031,i2c
Sr. Project Coordinator - CET,https://careers.i2cinc.com/en/sites/i2csitelhr/job/2030,i2c
Customer Care Specialist (Spanish),https://careers.i2cinc.com/en/sites/i2csitelhr/job/2101,i2c
Associate Software Engineer - Performance Testing,https://careers.i2cinc.com/en/sites/i2csitelhr/job/2102,i2c
Sr. Network Administrator,https://careers.i2cinc.com/en/sites/i2csitelhr/job/2112,i2c
Software Engineer - Business Analytics,https://careers.i2cinc.com/en/sites/i2csitelhr/job/2111,i2c
Associate Telephony DevOps Engineer,https://careers.i2cinc.com/en/sites/i2csitelhr/job/2124,i2c
Assistant Director - Marketing Operations,https://careers.i2cinc.com/en/sites/i2csitelhr/job/2141,i2c
Associate Director - Global Product Management,https://careers.i2cinc.com/en/sites/i2csitelhr/job/2142,i2c
Associate/Project Manager - PMO,https://careers.i2cinc.com/en/sites/i2csitelhr/job/2143,i2c
Network Administrator,https://careers.i2cinc.com/en/sites/i2csitelhr/job/2144,i2c
Principal Software Engineer,https://careers.i2cinc.com/en/sites/i2csitelhr/job/2145,i2c
Senior Software Engineer,https://careers.i2cinc.com/en/sites/i2csitelhr/job/2146,i2c
Senior Project Coordinator/Associate Project Manager - CIG,https://careers.i2cinc.com/en/sites/i2csitelhr/job/2148,i2c
Software Engineer,https://careers.i2cinc.com/en/sites/i2csitelhr/job/2149,i2c
Software Engineer - Cloud Management Group,https://careers.i2cinc.com/en/sites/i2csitelhr/job/2151,i2c
Spanish Translator,https://careers.i2cinc.com/en/sites/i2csitelhr/job/2152,i2c
Associate/Software Engineer - Cloud Management,https://careers.i2cinc.com/en/sites/i2csitelhr/job/2153,i2c
Associate Software Engineer - Product Operations,https://careers.i2cinc.com/en/sites/i2csitelhr/job/2154,i2c
Associate Software Engineer - Performance Testing,https://careers.i2cinc.com/en/sites/i2csitelhr/job/2155,i2c
Associate Network Administrator,https://careers.i2cinc.com/en/sites/i2csitelhr/job/2156,i2c
Director - Procurement,https://careers.i2cinc.com/en/sites/i2csitelhr/job/2158,i2c
Sr. Business Analyst - Solutions Design,https://careers.i2cinc.com/en/sites/i2csitelhr/job/2159,i2c
Sr. SOC Engineer,https://careers.i2cinc.com/en/sites/i2csitelhr/job/2160,i2c
Sr. UI/UX Designer,https://careers.i2cinc.com/en/sites/i2csitelhr/job/2161,i2c
UI/UX Designer,https://careers.i2cinc.com/en/sites/i2csitelhr/job/2110,i2c
Associate Software Engineer - SDIM,https://careers.i2cinc.com/en/sites/i2csitelhr/job/2122,i2c
Software Engineer - Security Testing,https://careers.i2cinc.com/en/sites/i2csitelhr/job/2120,i2c
Jr. Project Manager - Solutions Design,https://careers.i2cinc.com/en/sites/i2csitelhr/job/2131,i2c
Architect,https://careers.i2cinc.com/en/sites/i2csitelhr/job/2125,i2c
Associate Architect,https://careers.i2cinc.com/en/sites/i2csitelhr/job/2126,i2c
Project Coordinator/Junior Project Manager - PMO,https://careers.i2cinc.com/en/sites/i2csitelhr/job/2127,i2c
Associate Manager ‚Äì Internal Audit (Finance & Operations),https://careers.i2cinc.com/en/sites/i2csitelhr/job/2128,i2c
Associate Manager Internal Audit (Technology & Security),https://careers.i2cinc.com/en/sites/i2csitelhr/job/2129,i2c
Associate Solution Engineer,https://careers.i2cinc.com/en/sites/i2csitelhr/job/2130,i2c
Project Coordinator - CET,https://careers.i2cinc.com/en/sites/i2csitelhr/job/2133,i2c
Project Coordinator - Product Operations,https://careers.i2cinc.com/en/sites/i2csitelhr/job/2134,i2c
Senior Software Engineer - Product Operations,https://careers.i2cinc.com/en/sites/i2csitelhr/job/2135,i2c
Software Engineer - Product Operations,https://careers.i2cinc.com/en/sites/i2csitelhr/job/2136,i2c
Sr. Video Editor,https://careers.i2cinc.com/en/sites/i2csitelhr/job/2138,i2c
Training Executive,https://careers.i2cinc.com/en/sites/i2csitelhr/job/2139,i2c
Sr. Front End Engineer,https://careers.i2cinc.com/en/sites/i2csitelhr/job/2123,i2c
Front End Engineer,https://careers.i2cinc.com/en/sites/i2csitelhr/job/2098,i2c
Director Account Management,https://careers.i2cinc.com/en/sites/i2csitelhr/job/2088,i2c
Associate SOC Engineer,https://careers.i2cinc.com/en/sites/i2csitelhr/job/2078,i2c
Sr. Network Administrator,https://careers.i2cinc.com/en/sites/i2csitelhr/job/2079,i2c
Database Administrator,https://careers.i2cinc.com/en/sites/i2csitelhr/job/2082,i2c
Software Engineer,https://techlogix.zohorecruit.com/jobs/Careers---Lahore/144136000000029669/Software-Engineer?source=CareerSite,techlogix
Quality Assurance Engineer,https://techlogix.zohorecruit.com/jobs/Careers---Lahore/144136000000031653/Quality-Assurance-Engineer?source=CareerSite,techlogix
Manager Software Development,https://techlogix.zohorecruit.com/jobs/Careers---Lahore/144136000013265003/Manager-Software-Development?source=CareerSite,techlogix
Senior Software Engineer,https://techlogix.zohorecruit.com/jobs/Careers---Lahore/144136000000029901/Senior-Software-Engineer?source=CareerSite,techlogix
Senior Business Analyst,https://techlogix.zohorecruit.com/jobs/Careers---Lahore/144136000005773045/Senior-Business-Analyst?source=CareerSite,techlogix
Associate Software Engineer - Open Stack,https://apply.workable.com/devsinc-17/j/0B2BEA8CC8/,devsinc
Associate Software Engineer - PHP Laravel,https://apply.workable.com/devsinc-17/j/4E0E7CBC79/,devsinc
ùêïùê¢ùêùùêûùê® ùêÑùêùùê¢ùê≠ùê®ùê´/ùêïùê¢ùêùùêûùê®ùê†ùê´ùêöùê©ùê°ùêûùê´,https://apply.workable.com/devsinc-17/j/DACF182A42/,devsinc
BD Intern,https://apply.workable.com/devsinc-17/j/05B5641CC4/,devsinc
Graphic Designer Intern,https://apply.workable.com/devsinc-17/j/89EB6A6A71/,devsinc
Video Editor/ Videographer,https://apply.workable.com/devsinc-17/j/7EE7D85F43/,devsinc
MERN Stack Developer,https://apply.workable.com/devsinc-17/j/8A72D35C1B/,devsinc
Associate Growth Executive,https://apply.workable.com/devsinc-17/j/194752EE24/,devsinc
Liaison Executive,https://apply.workable.com/devsinc-17/j/D39A7E90C2/,devsinc
Senior Software Engineer - MERN Stack,https://apply.workable.com/devsinc-17/j/D739B02D6A/,devsinc
Senior Software Engineer - Python,https://apply.workable.com/devsinc-17/j/A6BFA551D1/,devsinc
Senior Marketing and growth Lead,https://apply.workable.com/devsinc-17/j/9AC0FBC7FF/,devsinc
Data Science Engineer,https://apply.workable.com/devsinc-17/j/A253976B44/,devsinc
Senior Vulnerability Assessment & Penetration Testing (VAPT) Engineer,https://apply.workable.com/devsinc-17/j/AD15AED7EF/,devsinc
Associate Software Engineer- MERN,https://apply.workable.com/devsinc-17/j/277F4CC3E3/,devsinc
Senior Software Engineer (Data Engineer | Data Science),https://apply.workable.com/devsinc-17/j/93B84AA3F3/,devsinc
Associate Software Engineer- OpenStack,https://apply.workable.com/devsinc-17/j/4A0D7E6B6F/,devsinc
Manager - Media Relations & Executive Positioning,https://apply.workable.com/devsinc-17/j/01CE913161/,devsinc
Senior Software Engineer - Microsoft Dynamics 365,https://apply.workable.com/devsinc-17/j/56BA8B13C9/,devsinc
Senior HR Executive (Payroll & HR Operations Specialist),https://apply.workable.com/devsinc-17/j/EDC8EA872B/,devsinc
Senior Software Engineer - Python,https://apply.workable.com/devsinc-17/j/EB321B0A68/,devsinc
Principal Functional Consultant - Microsoft Dynamics 365 F&O,https://apply.workable.com/devsinc-17/j/0B71ECD427/,devsinc
Associate Software Quality Assurance Engineer,https://apply.workable.com/devsinc-17/j/5AF46726E0/,devsinc
Accounts Executive,https://apply.workable.com/devsinc-17/j/C16E000072/,devsinc
Software Engineer- NodeJs,https://apply.workable.com/devsinc-17/j/14160AA519/,devsinc
Software Engineer- React Native,https://apply.workable.com/devsinc-17/j/9D250F5A15/,devsinc
Trainee Functional Consultant / Trainee Software Engineer,https://apply.workable.com/devsinc-17/j/604D57F4A2/,devsinc
Junior/Assistant Technical Project Manager,https://apply.workable.com/devsinc-17/j/50366DC9FA/,devsinc
Technical Project Manager,https://apply.workable.com/devsinc-17/j/532B9F215C/,devsinc
Software Quality Assurance Engineer,https://apply.workable.com/devsinc-17/j/0336674AD1/,devsinc
Salesforce Developer,https://apply.workable.com/devsinc-17/j/49C6F73279/,devsinc
Junior - HR Operations,https://apply.workable.com/devsinc-17/j/4A1215F06C/,devsinc
Senior Software Engineer- NodeJs,https://apply.workable.com/devsinc-17/j/6EF4DD0E9C/,devsinc
Senior Software Engineer - Python/AI/ML,https://apply.workable.com/devsinc-17/j/01404E1C41/,devsinc
Associate Software Engineer- AI/ML,https://apply.workable.com/devsinc-17/j/C5EE6A7E5F/,devsinc
Associate Software Engineer- Data Engineer,https://apply.workable.com/devsinc-17/j/465173E7D9/,devsinc
Associate Software Engineer- Python,https://apply.workable.com/devsinc-17/j/F6707365C2/,devsinc
Web Methods Administrator Specialist,https://apply.workable.com/devsinc-17/j/A469971AE6/,devsinc
Cybersecurity Specialist,https://apply.workable.com/devsinc-17/j/60E3D35E9C/,devsinc
DBA Specialist,https://apply.workable.com/devsinc-17/j/8CDC1C1EFB/,devsinc
Cloud Specialist,https://apply.workable.com/devsinc-17/j/5357CE9425/,devsinc
Associate Software Engineer - Data Science,https://apply.workable.com/devsinc-17/j/AF7DBD1FF6/,devsinc
Associate Software Engineer - Data Science,https://apply.workable.com/devsinc-17/j/312DD5B2AF/,devsinc
Senior Software Engineer - Python,https://apply.workable.com/devsinc-17/j/50BF412C2C/,devsinc
Senior Software Engineer - AI/ML,https://apply.workable.com/devsinc-17/j/8C85D95861/,devsinc
Senior Software Engineer- MERN,https://apply.workable.com/devsinc-17/j/6DF956635D/,devsinc
Senior Data Engineer,https://apply.workable.com/devsinc-17/j/696D122B96/,devsinc
Senior Software Engineer - AI/ML,https://apply.workable.com/devsinc-17/j/9A31794F15/,devsinc
Senior Software Engineer- AI/ML,https://apply.workable.com/devsinc-17/j/8D166A7508/,devsinc
Software Engineer- ROR,https://apply.workable.com/devsinc-17/j/C81F475706/,devsinc
Associate Software Quality Assurance Engineer,https://apply.workable.com/devsinc-17/j/51DEBFC0A7/,devsinc
Senior Software Engineer - Golang,https://apply.workable.com/devsinc-17/j/23E912B07B/,devsinc
Associate Software Engineer - MERN,https://apply.workable.com/devsinc-17/j/B33E2F1F81/,devsinc
Associate Software Engineer - AI/ML,https://apply.workable.com/devsinc-17/j/DEFACBCBE6/,devsinc
Senior Software Engineer - Python/AIML,https://apply.workable.com/devsinc-17/j/B1F4E22C8D/,devsinc
Senior Software Engineer - Python,https://apply.workable.com/devsinc-17/j/12BE0D9F28/,devsinc
Marketing Intern,https://apply.workable.com/devsinc-17/j/1916E4B425/,devsinc
Video Editor/ Videographer,https://apply.workable.com/devsinc-17/j/BD5E741EEC/,devsinc
Associate Software Engineer (Fresh),https://apply.workable.com/devsinc-17/j/30C00A236C/,devsinc
Associate Graphic Designer (AI Specialist),https://apply.workable.com/devsinc-17/j/58511064AA/,devsinc
Senior Software Engineer (MERN),https://apply.workable.com/devsinc-17/j/3C59061A85/,devsinc
Customer Support Manager,https://apply.workable.com/devsinc-17/j/E32735A20C/,devsinc
Functional Consultant - Microsoft Dynamics 365 F&O,https://apply.workable.com/devsinc-17/j/D0643120A2/,devsinc
Functional Solution Architect - Microsoft Dynamics 365 F&O,https://apply.workable.com/devsinc-17/j/F402E48BB2/,devsinc
Principal Technical Consultant (Infrastructure) - Microsoft Dynamics 365,https://apply.workable.com/devsinc-17/j/D8EF5E80CF/,devsinc
Sales and Growth Executive,https://apply.workable.com/devsinc-17/j/E6AE6ECFF0/,devsinc
Senior Functional Consultant - Microsoft Dynamics F&O,https://apply.workable.com/devsinc-17/j/2473479343/,devsinc
Team Lead- AI/ML,https://apply.workable.com/devsinc-17/j/2E537DFDFD/,devsinc
Team Lead - Python,https://apply.workable.com/devsinc-17/j/45F6C0F677/,devsinc
Production Executive,https://apply.workable.com/devsinc-17/j/8516AAA309/,devsinc
Associate Graphic Designer,https://apply.workable.com/devsinc-17/j/A80EF0D469/,devsinc
Associate Event Executive,https://apply.workable.com/devsinc-17/j/245078EF93/,devsinc
Senior Software Engineer - Python,https://apply.workable.com/devsinc-17/j/71E57ABB43/,devsinc
Software Engineer- MERN,https://apply.workable.com/devsinc-17/j/F0AC38F504/,devsinc
Associate Software Engineer- Unity,https://apply.workable.com/devsinc-17/j/AE45B65ED7/,devsinc
Software Engineer-Python/Django,https://apply.workable.com/devsinc-17/j/91DC546C76/,devsinc
Associate Business Analyst,https://apply.workable.com/devsinc-17/j/8688CE4EF2/,devsinc
Head of Talent Management,https://apply.workable.com/devsinc-17/j/CD70204D0A/,devsinc
Associate Cinematographer,https://apply.workable.com/devsinc-17/j/95E8D54D4E/,devsinc
Quality Assurance Engineer - Automation,https://apply.workable.com/devsinc-17/j/032C19D934/,devsinc
Senior Fullstack Python Developer,https://apply.workable.com/devsinc-17/j/34C174301C/,devsinc
Product Owner,https://apply.workable.com/devsinc-17/j/0072B9FFAB/,devsinc
Talent Acquisition Specialist,https://apply.workable.com/devsinc-17/j/518FC89CD7/,devsinc
Product Manager,https://apply.workable.com/devsinc-17/j/18B4DC8D64/,devsinc
Senior Software Engineer - Python/React,https://apply.workable.com/devsinc-17/j/B635EBD35D/,devsinc
Manager People Excellence,https://apply.workable.com/devsinc-17/j/3577754B6D/,devsinc
Partnership Executive,https://apply.workable.com/devsinc-17/j/C4F32E0DBA/,devsinc
Marketing Business Intelligence (BI) Analyst,https://apply.workable.com/devsinc-17/j/90496F2FF7/,devsinc
Senior Software Engineer - AIML,https://apply.workable.com/devsinc-17/j/9BCD913E0F/,devsinc
Functional Consultant,https://apply.workable.com/devsinc-17/j/3F21775CBA/,devsinc
Outbound Sales Development Representative,https://apply.workable.com/devsinc-17/j/991D46934D/,devsinc
Senior Software Engineer - Python - Django,https://apply.workable.com/devsinc-17/j/0F322C8CFE/,devsinc
Senior Python Developer,https://apply.workable.com/devsinc-17/j/047EBB24DA/,devsinc
Executive Assistant,https://apply.workable.com/devsinc-17/j/2C4609FB48/,devsinc
Assistant Project Manager,https://apply.workable.com/devsinc-17/j/10E0FAF9E4/,devsinc
Associate Software Engineer .Net,https://apply.workable.com/devsinc-17/j/41DAEDA581/,devsinc
Software Quality Assurance Engineer (Manual/Automation),https://apply.workable.com/devsinc-17/j/520927FFF9/,devsinc
SQA Engineer,https://apply.workable.com/devsinc-17/j/619BF05FCB/,devsinc
LinkedIn B2B Paid Ads specialist,https://apply.workable.com/devsinc-17/j/39DC1D1669/,devsinc
LinkedIn Lead Generation Specialist,https://apply.workable.com/devsinc-17/j/6A21A78B80/,devsinc
Associate Marketing Executive - Employee Engagement,https://apply.workable.com/devsinc-17/j/C26E14F4EA/,devsinc
Associate Software Engineer- Python/ React,https://apply.workable.com/devsinc-17/j/8EC275BAA2/,devsinc
Senior Software Engineer (Python),https://apply.workable.com/devsinc-17/j/368F2947EB/,devsinc
SEO Executive,https://apply.workable.com/devsinc-17/j/5C06F3B8A3/,devsinc
Senior AI/ML Engineer,https://apply.workable.com/devsinc-17/j/D2ABC7CD50/,devsinc
Associate Functional Consultant,https://apply.workable.com/devsinc-17/j/E709207999/,devsinc
B2B Research Trainee / MTO,https://apply.workable.com/devsinc-17/j/1E5CCCF776/,devsinc
Associate Technical Consultant - Dynamics 365 Finance & Operations,https://apply.workable.com/devsinc-17/j/B7E2CC3E97/,devsinc
CRM Expert,https://apply.workable.com/devsinc-17/j/A2D519DBC2/,devsinc
Senior Software Quality Assurance Engineer (Automation),https://apply.workable.com/devsinc-17/j/7E762DC50C/,devsinc
MS Dynamics 365 CE Technical Consultant,https://apply.workable.com/devsinc-17/j/2C76D54710/,devsinc
Senior SAP ABAP Developer,https://apply.workable.com/devsinc-17/j/51F76311D3/,devsinc
Senior Manager Accounts,https://jobs.tkxel.com/jobs/Careers/524295000013908438/Senior-Manager-Accounts?source=CareerSite,tkxel
Azure Integration Developer,https://jobs.tkxel.com/jobs/Careers/524295000029131383/Azure-Integration-Developer?source=CareerSite,tkxel
tkxelerate-Summer Internship Program 2025,https://jobs.tkxel.com/jobs/Careers/524295000031506893/tkxelerate-Summer-Internship-Program-2025?source=CareerSite,tkxel
Cloud Engineer (Azure),https://jobs.tkxel.com/jobs/Careers/524295000028222454/Cloud-Engineer-Azure-?source=CareerSite,tkxel
Senior Data Engineer,https://jobs.tkxel.com/jobs/Careers/524295000025504444/Senior-Data-Engineer?source=CareerSite,tkxel
UIUX Designer,https://jobs.tkxel.com/jobs/Careers/524295000032118897/UIUX-Designer?source=CareerSite,tkxel
Senior Python Engineer,https://jobs.tkxel.com/jobs/Careers/524295000032388076/Senior-Python-Engineer?source=CareerSite,tkxel
Senior Salesforce Administrator/Ben,https://jobs.tkxel.com/jobs/Careers/524295000028808050/Senior-Salesforce-Administrator-Ben?source=CareerSite,tkxel
Senior UIUX Designer,https://jobs.tkxel.com/jobs/Careers/524295000031895942/Senior-UIUX-Designer?source=CareerSite,tkxel
Payroll Accountant - ADP Platform,https://jobs.tkxel.com/jobs/Careers/524295000031349903/Payroll-Accountant---ADP-Platform?source=CareerSite,tkxel
Accounts Payable Specialist,https://jobs.tkxel.com/jobs/Careers/524295000032163218/Accounts-Payable-Specialist?source=CareerSite,tkxel
IT Support Agent,https://jobs.tkxel.com/jobs/Careers/524295000032163399/IT-Support-Agent?source=CareerSite,tkxel
Accounts Receivable Specialist,https://jobs.tkxel.com/jobs/Careers/524295000032143065/Accounts-Receivable-Specialist?source=CareerSite,tkxel
SEO Executive,https://jobs.tkxel.com/jobs/Careers/524295000032068611/SEO-Executive?source=CareerSite,tkxel
Visual Communication Designer,https://jobs.tkxel.com/jobs/Careers/524295000027148309/Visual-Communication-Designer?source=CareerSite,tkxel
Digital Twin Developer - Autodesk,https://jobs.tkxel.com/jobs/Careers/524295000031460389/Digital-Twin-Developer---Autodesk?source=CareerSite,tkxel
Junior SEO Executive,https://jobs.tkxel.com/jobs/Careers/524295000032329705/Junior-SEO-Executive?source=CareerSite,tkxel
AI-Driven SEO Content Writer,https://jobs.tkxel.com/jobs/Careers/524295000031767396/AI-Driven-SEO-Content-Writer?source=CareerSite,tkxel
Senior SEO Executive,https://jobs.tkxel.com/jobs/Careers/524295000032068719/Senior-SEO-Executive?source=CareerSite,tkxel
SQA Engineer - Automation,https://jobs.tkxel.com/jobs/Careers/524295000031924272/SQA-Engineer---Automation?source=CareerSite,tkxel
Senior Software Engineer .Net/Ben,https://jobs.tkxel.com/jobs/Careers/524295000031167236/Senior-Software-Engineer-Net-Ben?source=CareerSite,tkxel
Senior Data Engineer,https://jobs.tkxel.com/jobs/Careers/524295000032397117/Senior-Data-Engineer?source=CareerSite,tkxel
Lead .NET Engineer (Azure & App Services),https://jobs.tkxel.com/jobs/Careers/524295000031460269/Lead-NET-Engineer-Azure-App-Services-?source=CareerSite,tkxel
Senior Software Engineer JavaScript/Ben,https://jobs.tkxel.com/jobs/Careers/524295000031194116/Senior-Software-Engineer-JavaScript-Ben?source=CareerSite,tkxel
Senior AI Engineer,https://jobs.tkxel.com/jobs/Careers/524295000031424125/Senior-AI-Engineer?source=CareerSite,tkxel
Senior Solutions Architect,https://jobs.tkxel.com/jobs/Careers/524295000031460286/Senior-Solutions-Architect?source=CareerSite,tkxel
Senior Software Engineer/Blazor+MAUI,https://jobs.tkxel.com/jobs/Careers/524295000031915091/Senior-Software-Engineer-Blazor-MAUI?source=CareerSite,tkxel
Data Architect,https://jobs.tkxel.com/jobs/Careers/524295000027889583/Data-Architect?source=CareerSite,tkxel
Principal Machine Learning Engineer,https://jobs.tkxel.com/jobs/Careers/524295000031125443/Principal-Machine-Learning-Engineer?source=CareerSite,tkxel
Associate Solution Architect,https://jobs.tkxel.com/jobs/Careers/524295000028278044/Associate-Solution-Architect?source=CareerSite,tkxel
Cloud Solution Architect - Microsoft 365,https://jobs.tkxel.com/jobs/Careers/524295000025725123/Cloud-Solution-Architect---Microsoft-365?source=CareerSite,tkxel
Senior Data Engineer,https://jobs.tkxel.com/jobs/Careers/524295000027834083/Senior-Data-Engineer?source=CareerSite,tkxel
Senior Data Engineer/Ben,https://jobs.tkxel.com/jobs/Careers/524295000028877223/Senior-Data-Engineer-Ben?source=CareerSite,tkxel
Senior Data Engineer,https://jobs.tkxel.com/jobs/Careers/524295000027042642/Senior-Data-Engineer?source=CareerSite,tkxel
Pre-Sales Specialist,https://jobs.tkxel.com/jobs/Careers/524295000025502104/Pre-Sales-Specialist?source=CareerSite,tkxel
